artista_id,nombre_artista,popularidad_artista,generos_artista,seguidores_artista
00me4Ke1LsvMxt5kydlMyU,Cosculluela,73,"latin hip hop, reggaeton, trap latino, urbano latino",5864677
00XhexlJEXQstHimpZN910,Brytiago,74,"reggaeton, trap latino, urbano latino",6695762
01p7Homi0d4XxZ06f2NYYD,"La Sonora Matancera",56,"bolero, mambo, musica tradicional cubana, salsa",257450
01rgao9OzfBm2BOHWJpi1Y,"Espinoza Paz",65,"banda, musica mexicana, norteno, ranchera",3491126
01RWu7yf1vE3eZvtxcRxkf,"Kevin Florez",47,champeta,123280
04gDigrS5kc9YWfZHwBETP,"Maroon 5",85,pop,41121943
07LuHESitPEqui1AazT7Kg,"Carlos Hayre",9,"classic peruvian pop, musica afroperuana",536
07YUOmWljBTXwIseAUd9TW,"Sebastian Yatra",80,"colombian pop, latin pop, reggaeton, reggaeton colombiano, urbano latino",22160978
07YZf4WDAMNwqr4jfgOZ8y,"Jason Derulo",79,"dance pop, pop",11873153
08Cb5OwPZ7SrS19MNYaHqz,Buxxi,47,"electro bailando, electro latino",65045
09JrqwwFh4V4978fNF02WS,Fauzi,24,,300
0ajy8rupiCOgvmsOtaG83P,"Luisito Muñoz",49,"musica popular colombiana",257538
0AqlFI0tz2DsEoJlKSIiT9,Emilia,80,"pop argentino",2619116
0BhgcfRYexO5WqUGuqOgGF,"Bazurto All Stars",35,"champeta, salsa choke",35542
0BTMGGY9QXMgSmxsTykeor,"Kent Y Tony",27,"pop reggaeton, pop venezolano",13482
0cf6zXqPrHwbNhipNooMWQ,"Mixeos Djs",28,circuit,15389
0DDgjT7RPQzMNltbHKyitV,"Fab 5",10,,816
0Ed8Ad2VuFzzLHmRK79SrN,Keneth,25,,1450
0eHQ9o50hj6ZDNBt6Ys1sD,Yandel,78,"latin hip hop, reggaeton, trap latino, urbano latino",7438122
0elWFr7TW8piilVRYJUe4P,"Natanael Cano",88,"corrido, corridos tumbados, musica mexicana, sad sierreno, sierreno",11727344
0EmeFodog0BfCgMzAIvKQp,Shakira,87,"colombian pop, dance pop, latin pop, pop",32386761
0f6QKxpb3RVFQ7cZjwqYDn,"Juancho Style",33,"dancehall colombiano",5576
0fAxJ75WJT3STJb3xWtpbc,"Jonathan Moly",42,"modern salsa, pop peruano, pop reggaeton, salsa venezolana",104839
0fbZUQ5vFLok76WdZ33lhX,"Latin Dreams",39,"reggaeton colombiano",48731
0FvHxb8a4I0A2i8jKCsFei,"Oscar Ortiz",73,corrido,117804
0G35WrrhXWCv2Un6ImamhF,Sanchz,28,,23993
0GchaVw5KfSVEm0xl0OXEe,"Luis Alfonso",62,"musica popular colombiana",292564
0GM7qgcRCORpGnfcN2tCiB,Tainy,78,"pop reggaeton, reggaeton, trap latino, urbano latino",2036537
0hD97064k3LBUrRvfT42SE,Fulanito,52,"merengue tipico, salsa, tropical",350298
0HfJ1yICQwR6jvdHST3SSh,"Jose Luis Carrascal",44,vallenato,44923
0Hwc5FADPWA6QkkQuUYV93,"Ismael Rivera Y Sus Cachimbos",38,salsa,35649
0HXSR2BeI0nXqc6Nlr65eq,"David Tavaré",45,,18859
0i5iO6icb7kxg48thi9gBM,"Manuel Medrano",68,"colombian pop",2805198
0iEsMMMvNaDBX3l61sRkok,"Lil Silvio",43,"vallenato moderno",48527
0jbo7KFNMiIkfBR6ih0yhm,"iñigo quintero",72,,432392
0Je74SitssvJg1w4Ra2EK7,"4 Non Blondes",63,"new wave pop, pop rock",502142
0jnsk9HBra6NMjO2oANoPY,"Flo Rida",79,"dance pop, miami hip hop, pop, pop rap",8403712
0KdPDmQhHxBKsHNsQuh5ry,"Roberto Roena Y Su Apollo Sound",51,salsa,97049
0KPX4Ucy9dk82uj4GpKesn,Dalex,76,"r&b en espanol, reggaeton, trap latino, urbano latino",4811143
0l7EOx40o81pCVpGwizH9I,"Hernan Gómez",47,"musica popular colombiana",18201
0LALueHEQunQ2d61fXGeZh,"Diego Torres",65,"latin pop, pop argentino",2139262
0LjmAEc4GMU4SupVPaX8IQ,"El Chico Jaramillo",41,"musica popular colombiana",44790
0MkvbIaZ8Uj2URBv8AdI1N,Sanalejo,41,"colombian pop, colombian rock",244725
0my6Pg4I28dVcZLSpAkqhv,"El Fantasma",73,"banda, corrido, musica mexicana, norteno",6065278
0n4Fao9kbjgM76RmVlfSwr,"YG Marley",74,,532442
0niAkxgT6y57bRbT0Ge94z,"LiL CaKe",59,"trap argentino, trap triste",166370
0nIFohNSxA0S7la92JfOA1,Jayson,13,,109
0nqpXa8bkBlWgS9FKhNCuj,"Golpe a Golpe",51,"reggaeton, reggaeton colombiano",490749
0OROVBEZCocg0FcgJpyBse,"Alex Sensation",52,reggaeton,207140
0P8EpsSMekkWtsX331Iebt,"Los Gigantes Del Vallenato",56,vallenato,998377
0pePYDrJGk8gqMRbXrLJC8,"Luis R Conriquez",82,"corrido, corridos tumbados, norteno, sad sierreno, sierreno",4701275
0Q8NcsJwoCbZOHHW63su5S,Mora,83,"trap latino, urbano latino",4515801
0qTZZWLzuD59Un5r1speHm,"Chris Jedi",72,"reggaeton, trap latino, urbano latino",2611660
0QvQ1gLQme0zCO6riv6X2f,"Son De Cali",44,salsa,194721
0SvglnDCq8d56ijXBSuowp,"Colombian Style",13,,3804
0tmwSHipWxN12fsoLcFU3B,"Manuel Turizo",83,"colombian pop, latin pop, reggaeton, reggaeton colombiano, trap latino, urbano latino",13428740
0TnOYISbd1XYRBk9myaseg,Pitbull,84,"dance pop, miami hip hop, pop",10168763
0tR60pwxQ5WKjPxQcKoCQ7,Messiah,56,"trap dominicano, trap latino",110825
0ULLX3e5NM3ClOsAnedHkF,"Ronald Gomez",6,,44
0UWZUmn7sybxMCqrw9tGa7,Juanes,76,"colombian pop, latin pop, mexican pop, rock en espanol",4638953
0valYl0qLzIycA7LnqGTXR,Mabrada,17,,3226
0vR2qb8m9WHeZ5ByCbimq2,Reik,78,"latin arena pop, latin pop, mexican pop, reggaeton, urbano latino",8591885
0w7HLMvZOHatWVbAKee1zF,Redbone,62,"native american contemporary, native american traditional",266039
0xbdsXms9xTAtNmROodyy8,"The Noise",52,"latin hip hop",41719
0XeEobZplHxzM9QzFQWLiR,"Eslabon Armado",77,"corrido, corridos tumbados, sad sierreno, sierreno",5362375
0xHOGt5gf3A1XJP79Zth9k,"Grupo Kvrass",42,"vallenato, vallenato moderno",188371
0XpNiF9v1QPnRWKKGoffQf,"Michel el Buenón",45,"modern salsa, salsa",72125
0XwVARXT135rw8lyw1EeWP,"Christian Nodal",81,"mariachi, musica mexicana, ranchera",14276897
0yNSzH5nZmHzeE2xn6Xshb,"Calle 13",68,"latin afrobeat, latin alternative, latin hip hop, puerto rican rock, rap conciencia, reggaeton, rock en espanol",2826929
0ys2OFYzWYB5hRDLCsBqxt,"Fuerza Regida",89,"corrido, corridos tumbados, sad sierreno, sierreno",8007187
0z0w28IvsF1gsKhVAMbh9p,DLG,53,"salsa, tropical",169552
11IcDecUvnKOttYzE3d0Z1,"Wise "the Gold Pen"",41,"reggaeton flow",94579
11oaKJc8rsz6x8YPVjca4X,"Engel Montaz",60,,148808
11wOrJLuakmQqTuhXXW2xz,Sie7e,50,"puerto rican rock, reggae en espanol",75897
12GqGscKJx3aE4t07u7eVZ,"Peso Pluma",91,"corridos tumbados, sad sierreno",12611258
12vb80Km0Ew53ABfJOepVz,"Ñengo Flow",80,"reggaeton, trap latino, urbano latino",5698843
138Upp7TCwBT2txbgqJfZl,"Lara Taylor",23,,5033
14zUHaJZo1mnYtn6IBRaRP,"Justin Quiles",79,"reggaeton, trap latino, urbano latino",4445700
15g2N69hNuvVjSUqa9Entz,"El Gran Martín Elías",50,"vallenato, vallenato moderno",356080
16Juw2gfa9IxEL3Vu69cH7,"Yaga & Mackie",58,reggaeton,528366
16lcPccJgIjtOWEwVMyA6Z,"Tony Lenta",41,"reggaeton, reggaeton flow",187944
17NI70Y3fO1MWtMYTnYeiV,"Jimmy Saa",33,"salsa, salsa colombiana",44314
19HM5j0ULGSmEoRcrSe5x3,"Milo j",82,"trap argentino, trap latino, urbano latino",2884649
19ufHMEaPSvoM3iIVk8sTR,"Omar Geles",47,"vallenato, vallenato moderno",525956
19vCtDMDfX2wjU5vULq6FG,"Mr Black El Presidente",48,"champeta, salsa choke",163050
1a2HwAlOE2wUPmNisvZxSw,"Big Yamo",57,"electro latino",51583
1ackd5XprZEkH3McKbQD51,"Juan Magán",67,"electro latino, spanish pop",1651263
1AsstJ8Cf7uQX92weRmZRz,"mafalda cardenal",58,tontipop,76320
1BGFud4d2GvPXAVDuZSTkD,Sorner.,14,,36
1bgU9sgf0LNA4UcqjgXXIA,"Juanse Laverde",35,,3739
1c22GXH30ijlOfXhfLz9Df,"Elvis Crespo",65,"latin pop, salsa, tropical",1098293
1c84wItoiAe1pEbpJMqUmQ,"Oscar D'León",57,"salsa, salsa venezolana, tropical",1666108
1Cs0zKBU1kc0i8ypK3B9ai,"David Guetta",88,"big room, dance pop, edm, pop, pop dance",25316698
1dfeR4HaWDbWqFHLkxsg1d,Queen,85,"classic rock, glam rock, rock",49221457
1dKdetem2xEmjgvyymzytS,"Grupo Firme",80,"banda, musica mexicana, norteno, sierreno",12261112
1f6CQnTy4FKDgLGzp6G2Wd,"Los Diablitos",64,vallenato,1626842
1fctva4kpRbg2k3v7kwRuS,Rvssian,65,"reggaeton, trap latino, urbano latino",2456362
1fIJZfSmqQkuqfKNRmrS1V,"El Jordan 23",71,"mambo chileno, urbano chileno",1314645
1fqHLAKthJsVYcukjFrroK,"El General",52,"panamanian pop",146900
1G89WXRVVAEjU4VIwgg6XD,Ventino,51,"colombian pop, latin viral pop",1488453
1GAymyGBvB4gQy5Z5LZ1Wj,"Lalo Ebratt",63,"colombian hip hop, reggaeton, reggaeton colombiano, trap latino, urbano latino",1976657
1GDbiv3spRmZ1XdM1jQbT7,"NATTI NATASHA",72,"latin pop, rap latina, reggaeton, urbano latino",9802321
1gJdf4Yybu4X5A2xYV3NMV,"Eden Muñoz",76,"corrido, musica mexicana, sierreno",1476932
1GKIlPFdcewHtpDVCQ8zmJ,Brray,75,"reggaeton, reggaeton flow, trap latino, urbano latino",373330
1gW6pz5n1aK249L0GvfQCC,"Grupo Marca Registrada",81,"corrido, norteno, sad sierreno",3969977
1hMa6SwU2t8eUEETAAbk9z,Ilegales,51,tropical,184128
1i2sOJlmgkWrWx28rB17Bd,"Los inquietos del vallenato",65,vallenato,1302877
1i8SpTcr7yvPOmcqrbnVXY,Ozuna,86,"puerto rican pop, reggaeton, trap latino, urbano latino",36374837
1IKP8dm7pmlkZS4V4MzKkI,Maía,44,"colombian pop, salsa colombiana",311875
1iVpMZKqpnZWfCXO2vIozm,"Mickey Taveras",54,"modern salsa, salsa, tropical",356747
1JzCCMAjM3FCr9eM3jp0uH,"Kaleth Morales",55,vallenato,1399999
1KfRf4VkEYpL2G0FTWb7JX,TIMØ,58,"colombian pop",137964
1L4dh63UjFVKTCBZTmbPSZ,"Salsa Celtica",30,"salsa international",20298
1lgtR3WlcFxEy6yPoOh0J2,Hozwal,54,"trap latino, urbano latino",169722
1mcTU81TzQhprhouKaTkpq,"Rauw Alejandro",88,"puerto rican pop, reggaeton, trap latino, urbano latino",21081471
1mux8L6xg2Cmrc7k0wQczl,Bacilos,67,"colombian pop, latin alternative, latin pop, rock en espanol",1789473
1mXAhKnZEdF6rotyyd4GBi,"MC Kevinho",64,"funk carioca, funk ostentacao, funk pop, sertanejo universitario",7185774
1NNRWkhwmcXRimFYSBpB1y,"Yng Lvcas",70,"reggaeton, urbano mexicano",330988
1noWnd8QFQD9VLxWEeo4Zf,"Don Miguelo",57,"dembow, latin hip hop, rap dominicano",232953
1OK49IC8PfUPbAtQRv2ryh,"Los Cantantes",49,tropical,18116
1pgDilWYDWLoOgGjf1iHNu,Zion,74,"reggaeton, urbano latino",4016635
1phfTBIocBW3UwqcYjaEN6,"Mike Bahía",65,"colombian pop, latin pop, reggaeton, reggaeton colombiano, urbano latino",3125588
1pQWsZQehhS4wavwh7Fnxd,"Lenny Tavárez",80,"reggaeton, trap argentino, trap latino, urbano latino",2635593
1qto4hHid1P71emI6Fd8xi,Aventura,79,"bachata, bachata dominicana, latin hip hop, latin pop, tropical, urbano latino",7678896
1qyAl8T6GTcaOViaI7fs1j,"Son By Four",53,"puerto rican pop, tropical",135785
1r3tpVQ08jFAA2P4xzV5o4,"Gaby Music",72,"pop reggaeton, trap latino",25578
1r4hJ1h58CWwUQe3MxPuau,Maluma,85,"latin pop, reggaeton, reggaeton colombiano, trap latino, urbano latino",33520455
1RBzGO6Nm3uyhUSxP7EDWO,"KEVIN ROLDAN",70,"reggaeton, reggaeton colombiano, trap latino, urbano latino",5610021
1RcmvrPNqtVQv6il6WYfe4,"Kenn Caponi",22,,145
1SupJlEpv7RS2tPNRaHViT,"Nicky Jam",80,"latin hip hop, reggaeton, trap latino, urbano latino",18468030
1TA5sGRlKUJXBN4ZyJuDIX,Blessd,77,"reggaeton, urbano latino",3607704
1TCSet7pGZCDkcXCOzH359,"K-Paz De La Sierra",62,"chilena, duranguense, musica mexicana",1444214
1tQn5ARp4znqONd5kRJ3sC,"Ramiro Padilla",30,,713
1TtXnWcUs0FCkaZDPGYHdf,Darell,77,"latin hip hop, reggaeton, trap latino, urbano latino",4308653
1tuNNda2SSH3o4lUms5K6C,"Sebastian Esquivel",71,corrido,130493
1U1el3k54VvEUzo3ybLPlM,"Kali Uchis",85,"colombian pop",6850637
1UjxAZqzphB1tsMb1aWBj0,Omega,62,"rap dominicano",218090
1URnnhqYAYcrqrcwql10ft,"21 Savage",91,"atl hip hop, hip hop, rap",17866977
1UVPfNPbTcrDocjT0O5jcv,"Giovanny Ayala",46,"musica popular colombiana",341529
1viot8lL4r3cgRLb2hBUri,"Miguel Morales",53,vallenato,748402
1Vk49olW1lh4C5MKtN2CJI,"Los Hermanos Andrade",23,,594
1VqjlTkCPuK6amNOlkM18d,"Valentina Rico",38,,5052
1vrahybrKylgwkjhbmOz94,Yera,55,"colombian pop, reggaeton colombiano",66252
1vyhD5VmyZ7KMfW5gqLgo5,"J Balvin",85,"reggaeton, reggaeton colombiano, trap latino, urbano latino",36483184
1WbNay5kZ7SeONEKq6ts7u,"Amado Music",29,,243
1wi97cW1Ga6oMthsooYmvK,"Isla Bonita",37,salsa,31120
1WqJanFgAbU04Q8EXO2sPG,"Sonny & Vaech",23,"pop reggaeton",6817
1wZtkThiXbVNtj6hee6dz9,"Wisin & Yandel",78,"electro latino, reggaeton, trap latino, urbano latino",7069050
1xbYDYZZRWQ0mG218SGVDQ,"Junior Zamora",40,,7885
1xY1KpDpr7RljFkFsrn7IW,Kaidez,21,,61
1Xyo4u8uXC1ZmMpatF05PJ,"The Weeknd",95,"canadian contemporary r&b, canadian pop, pop",81300458
1Y2yzHPbBWZouNYTOGFq7u,La-33,45,"colombian rock, salsa colombiana",57915
1yHjFDDYePdq3KcGBEJkRw,"Alan Ramirez",46,"musica popular colombiana",45707
1Yj5Xey7kTwvZla8sqdsdE,"Cris Mj",83,"mambo chileno, urbano chileno, urbano latino",2136482
1ykothWH0xl8drRyJWuw7I,"Ñejo & Dalmata",64,"reggaeton, urbano latino",1767217
1Ypa8o8muvDcgOt1YYtcOC,"Cheo Feliciano",47,"salsa, salsa puertorriquena",582390
1yxSLGMDHlW21z4YXirZDS,"Black Eyed Peas",80,"dance pop, pop, pop rap",7973290
1zng9JZpblpk48IPceRWs8,"Grupo Niche",68,"salsa, salsa colombiana, tropical",3443243
1zo2ucFhzu58hKcniMpSQs,Soley,45,,41316
1ZwW6tG1kVnq1XBGfu3tOB,"Fran Lorenz",19,,58839
21451j1KhjAiaYKflxBjr1,"Zion & Lennox",75,"reggaeton, urbano latino",7484619
22wbnEMDvgVIAGdFeek6ET,"Benson Boone",85,"singer-songwriter pop",1944448
23nWkdjjAlopi1pF5KwrD6,"Fernando Burbano",51,"musica popular colombiana",397666
23zg3TcAtWQy7J6upgbUnj,USHER,83,"atl hip hop, contemporary r&b, dance pop, pop, r&b, rap, south carolina hip hop, urban contemporary",11144195
24fjoKudgR9S4p2flzJuzJ,"Vale Garzón",34,,9086
24qPuVMhkYA8f4JjQFaQZQ,"CRIS CEBALLOS 97",12,,44
24qSVomYxpfAFwzBnKCc8J,"Willie Rosario",41,"salsa, salsa puertorriquena",367944
25KNo5GDS6ZpLkjasaecA3,"Thievery Corporation",61,"downtempo, electronica, livetronica, trip hop",828999
26IeIGjoYZ4QOLFY3TWyve,"Mala Santa",28,,447
26YAHs5On4KQDNsU2cYFdL,"Casa De Leones",53,reggaeton,671815
27vNK840zYq6IfDijHPsv1,"Gilberto Santa Rosa",68,"salsa, salsa puertorriquena, tropical",2917116
28gNT5KBp7IjEOQoevXf9N,Camilo,79,"colombian pop, latin pop, latin viral pop, reggaeton colombiano",18700475
2AHbxv3jnfIDz6BmPn979c,"Joaquin Guiller",54,"musica popular colombiana",221425
2AiZXMqpVlCDnz3trZbWaK,"The Latin Brothers",52,"salsa, salsa colombiana",230780
2ayNSoKPCRAfjp6hQ76hRu,Nacho,63,"latin pop, pop venezolano, reggaeton, trap latino, urbano latino",5317528
2BXQwWUSIivZCgT0EqLx6g,"Hansel Y Raul",50,salsa,268440
2C6i0I5RiGzDKN9IAF8reh,"Banda MS de Sergio Lizárraga",79,"banda, musica mexicana, norteno",17147190
2cBh5lVMg222FFuRU7EfDE,"Sophie Ellis-Bextor",73,"dance pop, europop, new wave pop",482668
2CbZTubQz6tdFmZ3TDUwp7,Xriz,42,"electro latino, reggaeton",158217
2cPqdH7XMvwaBJEVjheH8g,"Jay Wheeler",76,"reggaeton, trap latino, urbano latino",3966240
2CU1lH3DaaajH9Cm2S2tPk,"Freddy Moreira",40,"basshall, dutch rap pop",30335
2cy1zPcrFcXAJTP0APWewL,"Gente De Zona",69,"cubaton, electro latino, latin hip hop, latin pop, reparto",1538988
2DP9xStkVVv753RBiEHXQB,Alkilados,54,"colombian pop, reggaeton, reggaeton colombiano, urbano latino",2040339
2DspEsT7UXGKd2VaaedgG4,"Alex Rose",70,"reggaeton, trap latino, urbano latino",3819900
2dytddRDsRcAGdy99jaPMp,"Boy Wonder",18,,2755
2ECiXSK7umi1luAaQyrCUX,Goyo,42,,9698
2EIZodXJHserIu4pGNfD3Z,"Willie Gonzalez",61,"salsa, salsa puertorriquena, tropical",985522
2FjkZT851ez950cyPjeYid,"Bobby McFerrin",57,"a cappella",229144
2fRDUcjd7rBn48QihmnXmb,"Jordan Portilla",28,,99
2FS22haX3FYbyOsUAkuYqZ,"Los Fabulosos Cadillacs",67,"argentine rock, latin alternative, latin rock, rock en espanol, ska, ska argentino",3007199
2GZsR7HeNCAH0GeChpQto8,"Eiden y Hacky",31,,352
2HEDKrO346KAYhGfmXaE7c,"Carlos Feria",26,,89320
2hejA1Dkf8v8R0koF44FvW,"Gera MX",76,"mexican hip hop, rap conciencia",4713009
2IhhVEifV7ntdvp2YmMIzg,Reboll333,49,,50466
2IMZYfNi21MGqxopj9fWx8,"Rels B",81,"r&b en espanol, spanish hip hop, trap latino, urbano espanol, urbano latino",6627431
2ixSzFmACsZSsx40fXTNYk,"Dimension Latina",60,"classic venezuelan pop, salsa venezolana, tropical",59763
2jSGzJw0ebJLu7OLVSOcBP,"Plan B",79,"reggaeton, trap latino, urbano latino",4052684
2JX4h8xm0hNxCB0aNBWzyi,Gyptian,57,"conscious hip hop, dancehall, reggae fusion",570746
2KDK6LDA8DKphV0wwHb40D,"DJ Dever",45,champeta,41377
2kgCV0fFS0wt3q6M5B39nH,"Tito Rojas",57,"salsa, salsa puertorriquena, tropical",1439754
2kqUKsTuEj1lPbm6BSn1AU,"Rich Music LTD",66,"urbano latino",294513
2LRoIwlKmHjgvigdNGBHNo,Feid,91,"colombian pop, pop reggaeton, reggaeton, reggaeton colombiano, trap latino, urbano latino",10498400
2MBHhHSyqs8LFJsdmgf9pK,"Jean Pi",48,,2488
2mLA48B366zkELXYx7hcDN,"Peggy Gou",69,"electra, float house",889385
2mUI4K6csTQd3jieswcmiI,"Luis Enrique",60,"cuatro venezolano, latin pop, modern salsa, musica nicaraguense, salsa, tropical",1049066
2NssDL7cTwvfQm01xvepBQ,"Issac Delgado",42,"modern salsa, salsa, salsa cubana, timba",60852
2nWxgBHLsfOh75ct5c13C7,"Estrellas Vallenatas",38,vallenato,45670
2O76CmUXGThMPPImBOnbUA,"Daniel Calderón",45,"musica popular colombiana, vallenato, vallenato moderno",107186
2O8vbr4RYPpk6MRA4fio7u,SAIKO,78,"trap latino, urbano espanol, urbano latino",730535
2OHKEe204spO7G7NcbeO2o,Ñejo,69,"reggaeton, urbano latino",4201197
2OnKRchqP7tT0FzTvWIFI7,Wolfine,63,"colombian pop, reggaeton, urbano latino",1423753
2oQSuDSAp77ozD3JqzEbEm,"La Suprema Corte",51,"salsa, salsa colombiana",87225
2oQX8QiMXOyuqbcZEFsZfm,"El Alfa",78,"dembow, rap dominicano, trap latino, urbano latino",3327783
2OSKh2JIKMr66DxByxhwzT,"Galy Galiano",58,"musica popular colombiana, salsa colombiana, tropical",232942
2Otnykd696YidQYfEGVmNq,"Vicente Garcia",61,"bachata, dominican pop, reggae en espanol",444028
2P1h10tRBVlC2lVUqhl6wm,"Yves Larock",48,"disco house",55833
2pQAUIesBqfT87PaM1ijtk,"Trap Capos",69,"reggaeton, reggaeton flow, trap latino, urbano latino",778158
2pZ81eCkqxemIjqqfE1fhE,"Guayacán Orquesta",59,"salsa, salsa colombiana",458654
2q2VbhQaAE48FmUqStjO38,"Jutha Ft Freddo",0,,12
2Q6L4B0awar0BWcQOWsAvu,"Mono Zabaleta",51,"vallenato, vallenato moderno",175050
2qMUSKJxNaBsISPyYretDo,Jhosy,37,"colombian pop",5556
2QsynagSdAqZj3U9HgDzjD,"Bob Marley & The Wailers",83,"reggae, roots reggae",12062611
2QUvtLq6oQaX0LNsYY2fas,Cauty,57,"reggaeton, reggaeton flow, trap latino, urbano latino",1034861
2R1axRqZDBQvsn2GpU1dcl,"Diego Galé",39,"salsa urbana",2455
2R21vXR83lH98kGeO99Y66,"Anuel AA",87,"reggaeton, reggaeton flow, trap boricua, trap latino, urbano latino",34840630
2r4ts9agGsF73MZ607nSVH,"Winner Boyz",12,,160
2Rerw09apss0UagVOvRNya,"La Combinación Vallenata",54,"vallenato, vallenato moderno",229253
2rmkQLzj0k4nZdQehOUByO,"Chino Pacas",80,"corrido, sierreno",1745891
2rwLjVHS15sfzciKXXNbgA,"Yiyo Sarante",66,"modern salsa, salsa",629746
2SzdXGFgRUgygnqrqmsW9W,"Alejandro González",44,"pop reggaeton",29205
2T1aUibqR2QC2sINIDQOAK,"Mambo Kingz",76,"reggaeton, reggaeton flow, trap latino, urbano latino",292563
2TjgzYcbTdsZjbT9OItIeB,"Héctor "El Father"",64,"reggaeton, urbano latino",715614
2txHhyCwHjUEpJjWrEyqyX,"Tom Odell",77,"chill pop",3747154
2UoLlLFDkqewHH7EzaZcl7,"Luisito Ayala Y La Puerto Rican Power",56,"salsa, salsa puertorriquena",258050
2UZIAOlrnyZmyzt1nuXr9y,"Nicki Nicole",81,"argentine hip hop, r&b argentino, trap argentino, trap latino, urbano latino",6344117
2weA6hhVqTIN2gSn9PUB9U,"Celia Cruz",64,"cha-cha-cha, cuban rumba, mambo, musica tradicional cubana, salsa",576860
2wkoKEfS6dXwThbyTnZWFU,"Mau y Ricky",68,"latin pop, pop venezolano, reggaeton, urbano latino",6716628
2wYOpkTJZGByNEOjEnSmoW,Revol,60,"reggaeton, reggaeton flow, trap latino, urbano latino",877844
2x7PC78TmgqpEIjaGAZ0Oz,Trueno,78,"argentine hip hop, bases de freestyle, trap argentino, trap latino, urbano latino",5850174
2xmhyxkjpGNBeWXVMeVWHb,"Rayo & Toby",49,"reggaeton, reggaeton colombiano",487195
2y3ZlZowM70LyQ8QbYPyT0,Karval,8,,524
2YoDSGuYTe9lhPvKa4L4hG,"Cori Adrianza",37,,13023
2YRyPiW98bpkARAS4B3OQP,"Dei V",80,"trap latino, urbano latino",638038
2Z0C8UvMoiixS0cRV8Urtr,Rikarena,49,"salsa, tropical, vallenato moderno",245329
2zdHYwUPyJVIkXRmujHKJp,"Carmen Jimenez",22,,52
31VFEohvhOUKrtAONEBhMG,"Kenia OS",73,"latin viral pop, urbano mexicano",4557383
329e4yvIujISKGKz1BZZbO,Farruko,82,"reggaeton, trap latino, urbano latino",15448575
32HyQ4BXsrzbFvp1jBZpCG,"Mario Chicot",21,"musique guadeloupe",4958
33ScadVnbm2X8kkUqOkC6Z,"Don Omar",83,"latin hip hop, puerto rican pop, reggaeton, trap latino, urbano latino",11055103
33ZuRLa8CHXZVPJXdQCcul,"Alberto Barros",54,"modern salsa, salsa colombiana, tropical",173214
343DJXR8dV27YepfAS5uGf,"Kei Linch",37,,27826
34zJjO7ns1qmMYJxJPF1wP,"Los Chiches Vallenatos",58,vallenato,1089068
35oGZihZclGoTVuICPXRP9,"Jere Klein",78,"reggaeton chileno",1461160
36CUTsdtNgCwMq6zKD1l8I,"Mauro Castillo",58,"modern salsa, movie tunes, salsa colombiana",38629
36KsCCwgI0Dep97yVJWmkK,"Monsieur Periné",58,"colombian pop, gypsy jazz, latin alternative",591349
36nvA2snEFUkDbg5qI0ZiG,"Jorge Oñate",46,vallenato,924375
376FcbSEU2lJpma9lBOdt4,"Gunda Merced y Su Salsa Fever",37,"salsa urbana",4385
38zyliF0xdJKS7k1BIEuL6,"Billo's Caracas Boys",45,"classic venezuelan pop, cumbia, jazz venezolano, salsa, tropical",141382
39qcQ01yJQbaMje70kIiFa,"Sonora Ponceña",49,"salsa, salsa puertorriquena",382421
39YL6FS5gUvd8DCTV9FfSP,Jerau,42,"colombian pop",150405
3aiVpKhE6bg52ZvxMDmlip,"Nico Hernández",53,,140441
3ATyg4fGC9F8trfb0GRWmX,"Joey Montana",57,"latin pop, reggaeton, urbano latino",2644943
3B0Z0EthH97lUVFSLCAySM,"Richie Valdes",27,"salsa urbana",2522
3B53VdSraW2MeEeLYAvEs1,"Luis Silva",47,"classic venezuelan pop, folklore venezolano, musica llanera",141292
3BuDl3fIeTGNTV50Y7NyqL,"Miguel Enriquez",33,timba,6942
3dI63iYqCLcCokRcedC58Z,"Grupo Caneo",46,salsa,216609
3DyEm50kp38Gjzqi1Lbbk7,"Asael gonzález",45,,22305
3E6xrwgnVfYCrCs0ePERDz,Wisin,75,"reggaeton, urbano latino",8973173
3EiLUeyEcA6fbRPSHkG5kb,"De La Ghetto",78,"reggaeton, reggaeton flow, trap latino, urbano latino",7091220
3EOVzEo2JIRFpPEGcSqDhs,"Take Two Bros",26,,1217
3f4OfcNtgL9MLgiyOdIHC7,JENCARLOS,44,"latin pop",239165
3FF4S5g94DRtIDtOm465ss,"Isa Abensur",14,"salsa peruana",529
3FfRgo0iZ41af0MIs1GxTW,"Afri K",10,,72
3fu1SiB0Q7nAH7Oy12jiT9,"Juan Palau",40,,12699
3FUY2gzHeIiaesXtOAdB7A,Train,74,"dance pop, neo mellow, pop, pop rock",4185439
3fwLvzwmgJkUwtn9YmpTiB,"La Banda del 5",44,"vallenato moderno",56311
3fzFGIFcpHenYRfbnGf0JE,Nath,50,"urbano latino",42261
3gSXsqE30hXrQMSGxYOTSH,Elindiomusik,27,,6680
3GxIbd5TGVg9Q5zIcmofPO,DAZA,19,,455
3HpdzWUn8T827FFvfJhioT,"Viti Ruiz",47,salsa,49593
3HPOnbuwLP2qlwWQ7cgxYW,Xantos,48,reggaeton,180715
3HrbmsYpKjWH1lzhad7alj,"Los Auténticos Decadentes",66,"argentine rock, latin alternative, latin rock, rock en espanol, ska argentino",2084382
3HyrDGPLI0c9Rd8luuO0zw,"Maelo Ruiz",65,"salsa, salsa puertorriquena, tropical",1864832
3hYtANQYrE6pd2PbtEyTIy,"Los Tigres Del Norte",76,"banda, musica mexicana, norteno, ranchera",5398962
3iCSpb1KbKkAbq9QYD9vQY,"Conjunto Chaney",45,salsa,147765
3iekLDuN7jHoZh3t5dxfpx,"Twister el Rey",38,"champeta, vallenato moderno",94274
3IEvQoAohcGX7CdrbtIle7,"Baby Rasta & Gringo",62,"reggaeton, salsa choke, urbano latino",3261960
3INA6stKspBOcR9NU0SEmQ,"Miguel Vaquero",14,,385
3Isy6kedDrgPYoTS1dazA9,"Sean Paul",80,"dance pop, dancehall, pop, pop rap",4560453
3IVmRbZDbvK2wFkXpLOQZD,Ocoyaje,35,,865
3iyr6xJPyHx8ptqqzMHDVE,Manú,34,,11820
3JalZ0rDcqYCzwfjdF7eHH,Ang3lina,5,"ugandan pop",861
3JCyEziWwDZksR1WY8EckM,"Darío Gómez",58,"classic colombian pop, folclor colombiano, musica popular colombiana",628980
3jGlU8UMMo44I2xeLQ6FD3,Dalmata,59,"reggaeton, urbano latino",1816341
3JyAqrbVmtgcNMyqJbsYv3,Londonstar,19,,381
3L3YHYkS8b2vgAbnqBTXrE,"David Pabon",56,salsa,199692
3LKXWvXFWrkwUzJWxzwVpW,"Tony Dize",72,"reggaeton, urbano latino",3619243
3m5qlPf2OkihLz3dRYnkPA,"Ovy On The Drums",74,"colombian pop, reggaeton colombiano, trap latino, urbano latino",313106
3Me35AWHCGqW4sZ7bWWJt1,Xavi,85,"sad sierreno",3429795
3MeSOWo9ZSTe5Esf66uXam,"Lebrón Brothers",48,"boogaloo, salsa",152850
3MHaV05u0io8fQbZ2XPtlC,"Prince Royce",76,"bachata, latin hip hop, latin pop, urbano latino",7676914
3NIZFmehJM8YiGpCdihlck,"LA INDIA",57,"salsa, salsa puertorriquena, tropical",986963
3nlpTZci9O5W8RsNoNH559,"Juan Luis Guerra 4.40",76,"bachata, latin pop, tropical",4832043
3Nqs2MelR2EiTyqJQS6Smh,"Pedrito Lama",28,,567
3Nrfpe0tUJi4K4DXYWgMUX,BTS,87,"k-pop, k-pop boy group, pop",72202767
3nuuzbcB3ZdqrEQYqR2SQJ,"Lui-G 21+",37,"reggaeton, reggaeton flow",100250
3nVFo3KcgM9wZydfZiXYw7,"Karina Castillo",9,,409
3NVoJL6nVBxLhGSUJ6LYqv,FOST,23,,502
3nwYsifpwrKmCIpw4i0HDW,Konshens,63,"dancehall, traphall",475637
3o6NfLoz6lQ6vqDmxhCMZ1,"Luis Olivera",8,,60
3ObuE3ViD4rNpdDeXGQyHZ,"Wito Velez y su Orquesta Uno",19,,493
3OcvS8PzSGYMBvLdzY6g3e,"Silvestre Dangond",66,"colombian pop, vallenato, vallenato moderno",4566007
3OW9y2kM7N3BAEksWU2xZM,LEEB,47,guaracha,13276
3PAwspMN27PDm81WwXDsMf,Reykon,59,"reggaeton, reggaeton colombiano, trap latino, urbano latino",3263197
3PJXBZwTVyr34UkC1R9RMI,Sebas,30,,20624
3ptY5WTxu77JpAQQnHyxEl,"Yandar & Yostin",63,"reggaeton, reggaeton colombiano",167882
3q9LLc7LLFwXnDzKE9U24c,"Gomba Jahbari",36,"puerto rican rock, reggae en espanol",37342
3qgMJzTralRWVKVD8wuN7B,"Draco White",24,,466
3qLcjGFwCpI1Q8727vRY71,"Bryan Rivera",21,,124
3qqO8BNDCDevpb5OUlUAHJ,"Juan Miguel",38,"pop reggaeton",21749
3SEztK9fNxg81qZ8qETGNT,"Yeison Jimenez",63,"colombian pop, musica popular colombiana",1648676
3SN7I8KV2qBwTCZ4aNDcbS,"Jessi Uribe",65,"colombian pop, musica popular colombiana",1713373
3SUT1jjM5hzZj9TLfLZGIP,"Tego Calderón",71,"latin hip hop, rap boricua, reggaeton, trap latino, urbano latino",4550417
3t4QqzE7i62nLJ6nsAEswx,"Luifer Cuello",36,"vallenato, vallenato moderno",224697
3tPtEktqgNimM6XJdcOxmd,"Ani Queen",20,,771
3tVQdUvClmAT7URs9V3rsp,Wizkid,77,"afrobeats, afropop, azonto, nigerian hip hop, nigerian pop",5135602
3TVXtAsR1Inumwj472S9r4,Drake,96,"canadian hip hop, canadian pop, hip hop, pop rap, rap",85994585
3uFVtNY7ZY6gqQOEWE8zn8,KEI,22,,206
3UMc63PbdGvuOzUk0Gd1Fg,Marbelle,43,"colombian pop, musica popular colombiana",66932
3upPawRH8B04mVJR5p0ZVx,"Michi Sanz",19,,614
3v8TXcoqr4kghaRvIUZKCN,"Anthony Zambrano",42,"musica popular colombiana",74224
3vjtBZfcllf1dc7lfyKKME,"Los Hermanos Zuleta",47,vallenato,894975
3vQ0GE3mI0dAaxIMYe5g7z,"Paulo Londra",74,"argentine hip hop, trap argentino, trap latino, urbano latino",22343056
3W4lVkySjtIvd67UUg0F3i,Cabas,53,"colombian pop, latin pop, reggaeton colombiano",650629
3wBFVCATpaZz2VJgcJnHa9,"La 16 Orquesta",19,"salsa colombiana",2513
3Wp3hbqnxMJqXAHVqqzB9X,Sammer,25,,108
3ygJTpJJIK7eEeC2EFRl9D,Alcolirykoz,61,"colombian hip hop, rap conciencia",546037
3yHLsTJ9OZ19qwY1Q5BEQJ,"Binomio de Oro de América",67,vallenato,1934924
3YMM3yvkZ78wilkLXpL9hy,MYSTX,12,,179
3YXpTiyVmYCfANOlnWv6vr,"Trebol Clan",60,"latin hip hop, reggaeton",1589453
3ZtIhDSOuRkpDyqjx53X1R,Esteman,60,"colombian indie, latin alternative, latin rock, tropical alternativo",425892
40FzPNKgu0k9VMvvidiKCl,"Los Hermanos Rosario",54,"merengue, salsa, tropical",317366
4152ZUds7gXsqYQexUonDP,"Grupo Galé",51,"boogaloo, salsa, salsa colombiana",206754
41EMdaUylPIcdbGdojyr2O,"Segundo Rosero",51,"cumbia ecuatoriana",150079
45068sb2JWsdsk1xWwhLV3,"Pedro Salcedo",31,"cumbia, porro",867
45cNOlbdTSvU9uIfuH1MDd,Ela,20,,233
45dkTj5sMRSjrmBSBeiHym,"Tate McRae",85,pop,5075884
46hFpNlGbQT8hFf233H29I,Sinisterra,9,,423
46pWGuE3dSwY3bMMXGBvVS,Rema,77,"afrobeats, nigerian pop",4242517
47bVt95bvBMpmJFWoyhH0C,Xtreme,55,bachata,479297
47MpMsUfWtgyIIBEFOr4FE,Lunay,73,"reggaeton, reggaeton flow, trap latino, urbano latino",9330370
49YcIQPJsEtWKtSBMR33b0,"Agustin Toro",24,,15577
49Z1AvGeUaBSanPaOmplK6,"Andrés Cepeda",65,"colombian pop",3181312
4am1kkF5am6Zck8E5MQ9Bl,sndy,35,,300
4aSlfXDn9R60UlbZEboBUy,YOVNGCHIMI,76,"trap latino, urbano latino",812718
4AVFqumd2ogHFlRbKIjp1t,Alesso,73,"dance pop, edm, pop, pop dance, progressive electro house",3863375
4bw2Am3p9ji3mYsXNXtQcd,"Piso 21",73,"colombian pop, latin pop, reggaeton, reggaeton colombiano, trap latino, urbano latino",8936346
4C3ZmIqca9MWwThLaYbfXu,"The Academy: Segunda Misión",67,,56096
4C50Z0DdxvOhoQCwRYsr9l,"BENI ROY",39,,111
4CSR02xo0k9YtB851zMail,"Los Coquillos",22,"indie canario, musica canaria",2394
4dhKkIzf9LXogFL1NXfQc1,"Kapla y Miky",45,"reggaeton colombiano, urbano latino",69979
4dLvccxeQIM5u80Ri0u9OV,"Frankie Ruiz",67,"salsa, salsa puertorriquena, tropical",1441988
4DxlG8gbthzgDeDZiywaoQ,"Louchie Lou",36,,1561
4e8vIrZBkqRocfY0TrT0s6,"El Charrito Negro",54,"musica popular colombiana",426360
4EE3zr7IEuiGFcYLudkNU2,"Camilo Ávila",21,,97
4exGY59juoSimpcH1NiuaR,"Daniela Darcourt",51,"modern salsa, salsa peruana",1040841
4EzD52bDFGZTEeEucKHtDs,"Sergio Vargas",53,"merengue, tropical",526800
4F4pp8NUW08JuXwnoxglpN,"Bad Gyal",74,"neoperreo, rap catala, rap latina, trap catala, urbano espanol, urbano latino",1529454
4FmrAtWfKHAIysakSpmatx,Armenia,33,"colombian rock, indie rock colombiano",15214
4FoMtKClFtTNsfQN7ivDII,"Luister La Voz",53,"champeta, vallenato moderno",142349
4FWft9sDzh4MkN1XF3LjlB,"Wichy Camacho",29,salsa,32807
4fZ4cUPCYtWJlCw1GmfR6c,Ancano,18,,304
4hH0kU21cZ8vbWNuRhXk7v,"Tito Flow",40,,1811
4i0vCPeO8wvD3SMYHj0dSl,"Luisito Ayala",10,,208
4i5rDrP2IqCdMgde0vIpyB,"Roberto Roena",45,"salsa, salsa puertorriquena",395169
4IC2X34tZmHG3VfTbpzvwL,"Julianno Sosa",65,"urbano chileno",527567
4IMAo2UQchVFyPH24PAjUs,"Jowell & Randy",72,"reggaeton, urbano latino",4308864
4jogXSSvlyMkODGSZ2wc2P,"Calibre 50",74,"banda, corrido, musica mexicana, norteno, sierreno",10890143
4kcQWQDK0u9AftVSpdrAgk,"Luck Ra",75,"cumbia pop, trap argentino, trap triste",1042380
4kYoLs6okVQkRPGtrzMgcU,"You Salsa",42,"salsa peruana",212517
4kYSro6naA4h99UJvo89HB,"Cardi B",81,"pop, rap",23465134
4makWNcCemjI1P1mfZmcTt,2CB,16,,59
4MAWVx8RvhYBpEDf3XKCOG,"Dario Dario",38,"musica popular colombiana",173961
4mZ4qW2RrJS1nmHvltMvJ2,Bonka,39,"colombian pop",245380
4N5fp4zhTsVITZTVfsXpc2,"Víctor Manuelle",64,"latin pop, modern salsa, salsa, salsa peruana, salsa puertorriquena, tropical",1869376
4o0NtnL2m0lzZmEdRas1qv,Ovi,69,"corrido, corridos tumbados, sad sierreno, trap latino, urbano latino",1255986
4obzFoKoKRHIphyHzJ35G3,"Becky G",78,"latin pop, latin viral pop, rap latina, reggaeton, trap latino, urbano latino",14288688
4PhdYoQGH8s1xee81dqQOO,Natiruts,69,"brazilian reggae, brazilian rock, reggae tuga",3241955
4phGZZrJZRo4ElhRtViYdl,"Jason Mraz",73,"acoustic pop, dance pop, neo mellow, pop",7107913
4pYTSh5LpqCVVSejQ4v6AF,"Raulin Rosendo",48,salsa,46975
4PzYKhC14sTJNEr0dzoo0d,"Luísa Sonza",76,"funk carioca, pop nacional",5417477
4q3ewBCX7sLwd24euuV69X,"Bad Bunny",95,"reggaeton, trap latino, urbano latino",79872204
4qBjbUNoHf5d1XWI77iK2I,Sono-Lux,6,,289
4QrBoWLm2WNlPdbFhmlaUZ,KEVVO,59,"reggaeton, reggaeton flow, trap latino, urbano latino",504624
4QVBYiagIaa6ZGSPMbybpy,"Pedro Capó",68,"latin pop, puerto rican pop",1582184
4qXC0i02bSFstECuXP2ZpL,Blxst,68,"pop rap, westcoast flow",470516
4RXxwBtdt6k1YNyyAyiOng,"Pipe Bueno",61,"colombian pop, musica popular colombiana, reggaeton",1219138
4s6Xg38sbqh4xpf4OqhVUK,iZaak,65,"reggaeton flow, trap latino, urbano latino",130363
4SINZKOU2Naj7r31D1G8wc,"James Lakay",15,,338
4SlusIRNswGYkTjhflokfX,"La Makina",49,"merengue, salsa, tropical",221483
4sre7yBb47plYuAbdzBVcz,"Jaime Diaz",33,,2788
4SsVbpTthjScTS7U2hmr1X,Arcángel,83,"latin hip hop, reggaeton, trap latino, urbano latino",13614300
4Tw0VaV1ENei24iQnktjXj,Alexio,57,"reggaeton flow",71248
4u3TXX9deH83yOdIGyuLvm,IVANN,38,"dancehall mauricien",7754
4U4H50hOGXClN2AVTdsE57,Yunell,18,,39720
4ucHQYmCoyXoRmfJt7xSli,"Los Bacanes del Sur",37,"musica popular colombiana",124290
4uRH0vTYaGWjG1MK8K8RPE,"Dragon & Caballero",47,"reggaeton, reggaeton colombiano",561376
4V4Z3qMCwYofWHtip6ePF6,"Bobby Caldwell",62,"yacht rock",304277
4V8Sr092TqfHkfAA5fXXqG,"Luis Fonsi",73,"latin pop, puerto rican pop",10479099
4vhNDa5ycK0ST968ek7kRr,"Carlos Vives",73,"colombian pop, latin pop, vallenato",5974936
4VMYDCV2IEDYJArk749S6m,"Daddy Yankee",86,"latin hip hop, reggaeton, trap latino, urbano latino",33361400
4vOycwLXdkMMzpZW04VW5m,"Tito Nieves",59,"salsa, salsa puertorriquena, tropical",1487174
4wLXwxDeWQ8mtUIRPxGiD6,"Marc Anthony",76,"latin pop, modern salsa, salsa, tropical",9455149
4WWNNgB0VUh7xYkldxV74W,"Erick Escobar",48,vallenato,23070
4wWSI10oOA9RsE0ELsAXAQ,"Cristina Charry",29,,4455
4yjm4SvYqC5FFuLbB6TyHr,Bellakath,68,"reggaeton mexicano, urbano latino",940755
4yNdrUaF54csrLixVTnqzC,"Eddy Herrera",60,tropical,679267
4ZUU6PKIrQET7oGxQ0r5zL,"Ren Kai",35,"ecuadorian pop",58607
50sIhX3HytFEwQXZJLUZQE,Alejo,65,"reggaeton, trap latino, urbano latino",156336
50TqpjP2iRI4hR1wCfVj3w,"Pipe Calderón",45,"musica popular colombiana, reggaeton, reggaeton colombiano",147993
51XrH5fQP2oIQynuKxSWcW,"Sky Rompiendo",70,"trap latino, urbano latino",152738
52iwsT98xCoGgiGntTiR7K,Quevedo,83,"rap canario, trap latino, urbano latino",4220533
52O0iNPKAHTxVYebPl9N9B,"Nicky Dumas",20,,551
52wcA7uQEIW0jVqgd6DvUf,"Dr. Stev",41,guaracha,12944
53KTldaJ8tHSkYU3nigfwP,Fonseca,68,"colombian pop, latin pop",2918105
53XhwfbYqKCa1cC15pYq2q,"Imagine Dragons",87,"modern rock, pop, rock",51790705
549YO24i2Lxe8iJlOoaQI1,"Orq La Inmensidad",27,,792
5aAlzehdUM14I4ppq24Xob,"Fruko Y Sus Tesos",55,"salsa, salsa colombiana",340209
5AvuagpXeJtpvaq7OtBG1y,"Pedro Conga",50,salsa,244753
5B8ApeENp4bE4EE3LI8jK2,Yuridia,74,"latin arena pop, latin pop, mexican pop",4272512
5BRwE9Z3g1uTq3O4xfgQbp,"Francy la Voz Popular de América",0,,14811
5C4PDR4LnhZTbVnKWXuDKD,Morat,82,"colombian pop, latin viral pop",10804058
5ClJtuiNlr83ua45Dvpcf7,"Santiago Cruz",58,"colombian pop, latin pop",1074738
5CSek6ot4XS2AWiw1NFTiF,"Otto Serge",48,vallenato,390882
5dbaLmK5SHLLg8Z4CcTJpX,Greeicy,68,"colombian pop, latin pop, r&b en espanol, reggaeton, reggaeton colombiano, urbano latino",7357370
5DUlefCLzVRzNWaNURTFpK,"Cali Y El Dandee",67,"colombian pop, electro latino, latin pop, reggaeton, reggaeton colombiano, trap latino, urbano latino",3861034
5EvFsr3kj42KNv97ZEnqij,Shaggy,72,"dance pop, pop rap, reggae fusion",2126445
5F2Bwl7Is7KVwTbNbMclIS,Papayo,44,,1844
5fJsY7afrbsyzJj9wdzJMh,"Tito "El Bambino"",69,"latin hip hop, reggaeton, urbano latino",3828694
5FQ8tBUtIamA2hRtatrYUF,"Marc Seguí",63,"spanish pop",137464
5GcWBUX00IPuWVGMIRK1sS,Residente,65,"venezuelan hip hop",1359032
5GNSVtCq2hiXDx7jUA5Iou,"ChiChi Peralta",61,"latin pop, salsa, tropical",728407
5gUncCMCIedIGKViL6ck2v,"Dragón Rojo",27,,1312
5gUZ67Vzi1FV2SnrWl1GlE,"Benny Benni",50,"reggaeton, reggaeton flow, urbano latino",343763
5H1nN1SzW0qNeUEZvuXjAj,"Danny Ocean",76,"pop venezolano, reggaeton, trap latino, urbano latino",5329133
5hdhHgpxyniooUiQVaPxQ0,"Nio Garcia",70,"reggaeton, trap latino, urbano latino",5241333
5HeN1Iza4nZe03sFlonddz,"Eugenio Esquivel",71,,108767
5HUVDs80ZZCRRB9grwWzZc,Jaze,53,"bases de freestyle, reggae peruano",131272
5jxVsaFreexOv9fypQsdEX,"JBot & Tuti",34,"reggaeton colombiano",2673
5LCDv4TvYRQD5ehflOBEh4,"Wilfrido Vargas",53,"merengue, tropical",467427
5lFhCi03HDneWzvCxGctrT,"Jory Boy",68,"reggaeton, reggaeton flow, trap latino, urbano latino",1798366
5LIulxyhL1bYKZzThgO0zI,"Hebert Vargas",46,"musica popular colombiana, vallenato",346857
5LmwELEKyxDFxrbZzR8K4U,"Lalo Rodriguez",58,"salsa, salsa puertorriquena",220959
5lwmRuXgjX8xIwlnauTZIP,"Romeo Santos",82,"bachata, latin hip hop, latin pop, urbano latino",20347800
5mgqYTU6dhKlEdi7DOy4uU,"Alberto Stylee",48,reggaeton,394952
5Moj7anJHEzL0U2Fmr3iOu,"Tomas the Latin Boy",13,"pop reggaeton",15822
5mudirGeAjQgkS2AaIQVCb,"La Sabrosura Orquesta",48,"salsa colombiana",20778
5n9bMYfz9qss2VOW89EVs2,"Bomba Estéreo",68,"cumbia, latin alternative, latin rock, pop electronico, tropical alternativo",1044135
5nKGeITSNCVP76muyOlszy,"Elsa y Elmar",62,"colombian indie, colombian pop, r&b en espanol",245243
5NpCde9H57MxIZqbmfkElY,Dejota2021,37,"pop venezolano",16898
5NS0854TqZQVoRmJKSWtFZ,"Chino & Nacho",64,"electro latino, latin hip hop, latin pop, urbano latino",2656026
5os0Ltvz8Q8BvXOPOd1frx,"Inner Circle",62,"reggae, reggae fusion",394777
5p1D7KgsRRcS9gpQyRARrL,"Peter Manjarrés",49,"vallenato, vallenato moderno",869989
5p9HO3XC5P3BLxJs5Mtrhm,Djo,81,"pov: indie, psychedelic pop",1156084
5pAEGsouhZbgSqJMTmEXoT,Francy,44,"musica popular colombiana",145798
5pbzj8JGUpUCMHESd1yHFv,"Jhon Alex Castaño",56,"musica popular colombiana",607381
5pKCCKE2ajJHZ9KAiaK11H,Rihanna,90,"barbadian pop, pop, urban contemporary",59060034
5pryfFgCrWJ41UHaENJPyi,"Alton Ellis",47,"jamaican ska, reggae, rocksteady, roots reggae",118580
5pZE9tgrhmIGWAsJZ7YxNK,"Luny Tunes",62,"reggaeton, urbano latino",1757744
5RLb16s3zfrdWdRF0l7xij,"Kafu Banton",49,"panamanian pop",79584
5RzT7CM6Ot0sh0EHefMicV,Maffio,55,,25599
5soMpG6E6oApEiCZgrWeVz,Rozalén,63,"cantautor, spanish pop",822101
5szJHKg5xeUlQ9pTqzdpic,Taiu,73,"trap argentino",63395
5TcnuUD5MHBfd1cO4kweWD,"Alex Favela",68,corrido,126758
5TDSNRe3rVLJhxjIhxfcUx,"Jhonny Rivera",58,"musica popular colombiana",660968
5UFyg4bZE7EiscLZT4SMPF,"Gency Ramírez",37,"musica popular colombiana",50504
5VHv8HRkyW4zmhoYXu476k,"Opi the Hit Machine",49,"reggaeton flow",48616
5VQCk9RiLwri99OgOT34kq,"Vilma Palma e Vampiros",63,"argentine rock, latin alternative, latin pop, latin rock, rock en espanol",1628680
5vUV1XcukkTR0eXG2gOxWh,"Grupo BerEn",45,bomba,5517
5W3QNsK8PQNTvI9Y9PDyhs,Tali,18,,15820
5Wg6XnPTp0xXxFCjywwR9I,"Eddie Santiago",68,"salsa, salsa puertorriquena, tropical",1966065
5WJINRAYLwCnLBp9tzaE98,"Alexis Escobar",44,"musica popular colombiana",242357
5Wuz885csKSCJoBNsOSCxz,Zaider,53,champeta,131070
5xaXYXef87CBDufNh0kHnK,"Ciro Quiñonez",35,"musica popular colombiana",14174
5XJDexmWFLWOkjOEjOVX3e,"Eladio Carrion",83,"trap boricua, trap latino, trap triste, urbano latino",6444467
5XnGhskwJJ0JdXASSM3OIp,"Oscar Prince",33,"champeta, vallenato moderno",49216
5xS8cfsAaFyy188dNJGDbM,"Ela Taubert",62,"colombian pop",115431
5XZHGnpHe7zHUjbZSlgIhJ,"Yohan Usuga",32,,625
5yBzu09ZxsCCcPtuZ2CYwJ,"Beto Collado",26,,295
5YGY8feqx7naU7z4HrwZM6,"Miley Cyrus",85,pop,23506520
5yjh35rXozitS6KLyjicLj,Motiff,41,,1470
5yo2KNGw3Z6a9n0Xiswb50,BROKIX,53,,9016
5YpXaqI5NkI1Y339Ys0aQ8,"SEGARRA MUSIC",12,,448
5yQyX8cY70BzyY86faLznx,"Joe King",22,,585
60K60Egdxg9rGWcUCI23Qx,"Tommy Olivencia y Su Orquesta",39,"salsa, salsa international",42573
60nua3AsVSfADZtg5Hdz3W,"La Mosca Tse-Tse",61,"latin alternative, latin rock, rock en espanol, ska argentino",566745
64aJYyrXljOodnUG6jvhRD,"DJ Luian",76,"reggaeton, reggaeton flow, trap latino, urbano latino",2137986
64J3ISAKbfg1CuP4CVCMlF,Nabález,51,"colombian pop",29579
64KEffDW9EtZ1y2vBYgq8T,Marshmello,84,"brostep, edm, pop, progressive electro house",33572347
65HuWBUC1d8ty1q6J42Nfi,"Cultura Profética",63,"latin alternative, latin rock, reggae en espanol, rock en espanol",1741910
65VADjjC47dZbyOyrgNWJA,"Gocho "El Lápiz De Platino"",59,reggaeton,5510
66CXWjxzNUsdJxJ2JdwvnR,"Ariana Grande",95,pop,95508427
66ihevNkSYNzRAl44dx6jJ,"Carin Leon",86,"corrido, musica mexicana, sad sierreno, sierreno",10859864
66NweiA3nU84k1S3SZdTSG,"Diomedes Diaz",64,"cumbia, vallenato",4453268
66q4aUeE6L8715QQ2yD68G,Arevalo,45,"colombian pop",20853
66q6iqbR9rh3jJNlGEnQvB,"Fresto Music",56,,66388
6794EDtkcLQ065dXVaOIIC,Reijy,38,,1359
67ktO6WKPZ0h4cBxSBBoep,"Grupo Nectar",47,"cumbia peruana",312513
682qzOnGxexrwH41Cy51Hu,Alzate,57,"colombian pop, musica popular colombiana",696536
68LgpWsaAwjflP3CLXC0LB,"Susana Cala",43,"colombian pop",40407
69MEO1AADKg1IZrq2XLzo5,UB40,69,"reggae fusion, uk reggae",2277484
69UypehHabb68utzfjAVlV,"Kany García",75,"latin pop, puerto rican pop",2656945
6aH9igPZf8ShUGL3ITPQhA,JEYYFF,42,,5626
6BWQiJpeXCHep8xW0vAIOk,"Carlos Zaur",35,"mexican pop",25378
6C2mFGFh8dz1vKp9l5Ce8P,"TWENTY SIX",66,,22152
6dexNK5MjEL8UvmA5MjSgg,"Felipe Peláez",56,"colombian pop, vallenato, vallenato moderno",1470666
6dLuQ5qXxIuWc5urxfIiZR,"Calle 24",77,"corrido, corridos tumbados, sad sierreno, sierreno",878827
6ELAHXutcbgmM3v0Bg2nei,"Los Legendarios",44,"classic colombian pop, musica popular colombiana",309638
6eUKZXaKkcviH0Ku9w2n3V,"Ed Sheeran",87,"pop, singer-songwriter pop, uk pop",113546865
6FfV0hKF9Rz5aReUEe1NC2,"DIMELO XU",16,,86
6fwn24ZeGt0PhY12nFQzXp,"Boby Sierra",3,champeta,6934
6GkJh85o22LfD2vgL9DP6f,"Dirty Heads",63,"reggae fusion, reggae rock",796329
6GRC8segVAr34gm6pjfSoQ,"Fanny Lu",60,"colombian pop, latin pop, reggaeton",1102877
6grrtSwMegDAZVtJgUQtJl,"Jhoni The Voice",39,"dominican pop",18214
6h9lS66Ib3dOiz3Gg6PpI1,"MEL GRANDA",57,,16547
6he6DYqph0gZBOCuQYBp5W,"Alex Roy",24,"electro bailando",1088
6HWumjoLO58NYInUHk9565,"El Vega",52,"pop reggaeton",65822
6J1zKnvk3hUXECRnlXStvB,"Blvck Ice",13,,67
6JuVTuSzMqAboqYfAeuaps,Esse,12,,61
6kmjUg9HOiymHa1Qvz0T99,"Adalberto Gonzales",0,,726
6kq4GHwUcUojGIu0ziSNXf,Amenazzy,66,"rap dominicano, reggaeton, trap latino, urbano latino",3091127
6M2wZ9GZgrQXHCFfjv46we,"Dua Lipa",88,"dance pop, pop, uk pop",42911286
6n21XaDAuqpceTXBiypR9W,"Binomio de Oro",55,vallenato,1547942
6nnspeopmJAG07xOxHmqTu,"El Gran Combo De Puerto Rico",62,"salsa, salsa puertorriquena",1529437
6nVcHLIgY5pE2YCl8ubca1,Jhayco,82,"reggaeton, trap latino, urbano latino",7456722
6osZmjgq0xc7VroWgQoRcD,"Cali Flow Latino",41,"salsa choke",23432
6p2442ymrT9lZEuCZJdYcH,"Ivy Queen",67,"latin hip hop, rap latina, reggaeton, trap latino, urbano latino",2394859
6P4uOSrdyHqsyLDVcBYUry,"El Potro Alvarez",43,,6049
6qqNVTkY8uBg9cP3Jd7DAH,"Billie Eilish",88,"art pop, pop",92966323
6RMWFexOHVj5ctezneQH5v,"Andy Montañez",53,"salsa, salsa puertorriquena",818536
6RQkaOWddQmiLLJqSgnTbm,"Chaka Demus & Pliers",55,funana,179756
6Rx5xY11vfnmOp312VzXMc,"Diego Daza",50,"vallenato, vallenato moderno",420885
6thZudHBD7aT0FYFxbGNQ0,Reglezz,20,,54
6tkyhGe9hGI3Lcfo4gVh6Z,ChocQuibTown,52,"colombian hip hop, colombian pop, latin alternative, reggaeton colombiano, salsa choke",666593
6tYuW96NhiYI3sAxEDsqK4,Pasabordo,51,"colombian pop, reggaeton",824394
6u8guISpLd1Al1exxE6BtV,"Maca & Gero",47,,16280
6w9ToX5slZ4uIdmD17hJ3c,"Bryant Myers",80,"reggaeton, reggaeton flow, trap latino, urbano latino",10579548
6wcdAtMgcbXgNY4T8JeHFd,"La Linea",41,,3985
6X0VqdkbaOxhRtkXw2GsRT,"Feel The Hits Music",22,,8
6XaUaXu0cGAFK1AlQkl1b6,"Saian Supa Crew",43,"old school rap francais",149359
6XFITTl7cFTdopDY3lUdlY,"J Alvarez",68,"reggaeton, urbano latino",5318966
6XkjpgcEsYab502Vr1bBeW,"Grupo Frontera",85,"musica chihuahuense",3494903
6xlRSRMLgZbsSNd0BMobwy,DENNIS,73,"funk carioca, funk das antigas, sertanejo universitario",2122048
6XTGKOV9jceQ6f67lnhpbF,"LATIN MAFIA",72,"urbano mexicano",868929
6y0qKxBG4epi2Kv67UvQEj,"Danni Salazar",6,,29
6y4IOQcDIDg6I1OEKf2oJk,"Paola Jara",53,"musica popular colombiana",734664
6Yb68zdKvB3CqPh3Cxo5fe,"Arcangel & De La Ghetto",20,"latin hip hop, reggaeton",62573
6ZvYYrrfpb1Z7kICDyxWQE,DEKKO,60,"reggaeton colombiano, urbano latino",557169
70nxnxEqDQIEWneRjg2Q4O,"Adolescent's Orquesta",69,"salsa, salsa venezolana, tropical",998678
70OAdYggwWl6EApsgp1jNX,"Luis Alberto Posada",55,"classic colombian pop, musica popular colombiana",572195
70psacNWL8yL2MPne6sgaB,Wamba,36,"colombian pop",59948
716NhGYqD1jl2wI1Qkgq36,Bizarrap,84,"argentine hip hop, pop venezolano, trap argentino, trap latino, urbano latino",14689744
72L1NTsOwE8ZZ6kxll4UwU,Baskiat,40,"trap venezolano",19616
738wLrAtLtCtFOLvQBXOXp,"Major Lazer",76,"dance pop, edm, electro house, moombahton, pop, pop dance",6114545
73RwFq5bmYCM3FRdYuuuHa,"La Colectiva Élite",40,,1585
75GOro2cJueHtF1Of1ksTB,"Judith Gayle",28,"gospel reggae",10660
76KY8JsK3XMQkjDiRZVprS,"Pete Rodriguez",45,"boogaloo, jazz trumpet",22395
76oOhj57eahbR5vjSKp0FI,Devia,33,,1340
77GVmrLGuxNEvj2ibvT62v,"Luigi 21 Plus",63,"reggaeton, trap latino, urbano latino",1293105
77k3aRCnbGEVb44ZS8qsVZ,"Cano Estremera",40,salsa,253154
77ziqFxp5gaInVrF2lj4ht,Sech,80,"panamanian pop, reggaeton, trap latino, urbano latino",11863441
790FomKkXshlbRYZFtlgla,"KAROL G",90,"reggaeton, reggaeton colombiano, trap latino, urbano latino",45042401
7a0XAaPaK2aDSqa8p3QnC7,Beéle,72,"reggaeton colombiano, trap latino, urbano latino",652021
7akJAsqIpakhpXpWEUSEGX,"Carbon Fiber Music",54,"reggaeton flow",17675
7An4yvF7hDYDolN4m5zKBp,"Soda Stereo",75,"argentine rock, latin alternative, latin rock, post-punk argentina, rock en espanol, ska argentino",8367872
7awyvLSthqOcL5A3hnR1pf,"Alex Gargolas",62,"reggaeton, reggaeton flow, urbano latino",105366
7BFnoFhJjLWcsqmN3Hizqg,"Joe Arroyo",60,"salsa, salsa colombiana, tropical",805380
7c53ZFyajVMTo08HmvoB6b,zzoilo,61,"latin pop",96054
7Cqqd8uYKo6L22O2W344CP,L'Omy,35,"champeta, reggaeton colombiano",65842
7CvTknweLr9feJtRGrpDBy,FloyyMenor,77,"reggaeton chileno",219710
7fDlUVcgVZznpHGXcN9i18,Adonay,16,"pop reggaeton",890
7FNnA9vBm6EKceENgCGRMb,Anitta,80,"funk pop, funk rj, pagode baiano, pop, pop nacional",12353546
7Gi6gjaWy3DxyilpF1a8Is,"Junior H",89,"corrido, corridos tumbados, musica mexicana, sad sierreno, sierreno",14840543
7GMRarEViKQmiTUMFZtrfe,Gusi,45,"colombian pop, vallenato moderno",69372
7GQDI5Vmxs92RsIRZzYT11,Pirlo,66,,301836
7gZfnEnfiaHzxARJ2LeXrf,6ix9ine,70,"emo rap",6772045
7hIqJfRYGBWWT1Qxu6Cpd2,"Andy Rivera",67,"reggaeton, reggaeton colombiano, trap latino, urbano latino",3020490
7HXJp9OMIL5tdwZYleuBvy,"Alejandro Santamaria",42,"colombian pop",24206
7iK8PXO48WeuP03g8YR51W,"Myke Towers",88,"reggaeton, trap latino, urbano latino",14316487
7IlMSHBDyVdt32PxQ5EFmr,"Antony Nova",27,,1638
7IOEDcSGzA00EhFam7X7Ec,"Barbero 507",33,"dancehall colombiano",3589
7is4d4FP9QUaV99j5kKDNT,Salserin,47,"salsa, salsa venezolana, tropical",284959
7j6DKwmjbxvpQO8h914uEz,"Ryan Castro",78,"reggaeton, trap colombiano, trap latino, urbano latino",2326778
7jIZrn1VZ1fZ7V0V8KOck5,HIGHCOST,11,,50
7kNpF2nj7eVgcVo8k6pWkz,"Cat Janice",58,"dc indie",258256
7ltDVBr6mKbRvohxheJ9h1,ROSALÍA,78,"pop, r&b en espanol",8067903
7LXdYckhvHWU4ejXbkHa3N,"Pepe Quintana",57,"reggaeton, reggaeton flow, trap latino, urbano latino",833990
7m8XbZrzXCcLt6stk29P6N,Pvni,22,,5959
7MNP6nVHIDvPCRvfCeAJpF,"Pressure 9X19",67,"trap latino",197239
7nJ3uKCT4lPwDJSRZzBlss,"Bobby Valentin",43,"boogaloo, jazz puertorriqueno, salsa, salsa puertorriquena",212734
7npqy7rgdX2D3yfVyWExKo,"Angel Y Khriz",64,"latin hip hop, reggaeton",1016783
7o95ZoZt5ZYn31e9z1Hc0a,"Natasha Bedingfield",76,"dance pop, pop, post-teen pop",1715070
7oMRcCu0OYSCtCyS3P37iC,"Afro B",52,"afrobeats, afroswing, dancehall, uk dancehall, uk hip hop",213225
7opp16lU7VM3l2WBdGMYHP,"Héctor Lavoe",65,"salsa, salsa puertorriquena, tropical",1893069
7qG3b048QCHVRO5Pv1T5lw,"Enrique Iglesias",78,"dance pop, latin pop, mexican pop",10819222
7qYeIN2r4H1kBvr0Gm9Iav,Randy,66,"reggaeton, urbano latino",531967
7rNbdH4pgrnwguvzxhA2Ek,"Jorge Celedón",60,"vallenato, vallenato moderno",1849016
7s02NaYKlhBogAMJ94W8CW,DCS,44,"dominican pop, electro bailando, electro latino",62004
7syZwIuF9tAkKQxNQLCosV,"Jimmy Gutierrez",41,"musica popular colombiana",132485
7tFqL9MIukyyeUGyybZmz0,"Lucas San Martin",27,,11239
7tU1VKOuxiNZwBZC6RHidA,"Alexis y Fido",65,"latin hip hop, reggaeton, urbano latino",5131056
7umWQMinvyqkJIWOdo02OW,"El Andariego",47,"colombian pop, musica popular colombiana",231323
7uScOlYWpnTJkziqjMwFLr,"Ocho y Media",16,,1177
7vPGzgDg3qGUY5bWtrO3K4,Conkarah,49,jawaiian,77282
7waNCUQ1Ne7OoNHgqpgMZ7,"Luis Figueroa",51,,10444
7wOZy3KdFVVINgNFFxkxwO,"Jerry Rivera",66,"latin pop, puerto rican pop, salsa, salsa puertorriquena, tropical",1904750
7x5Slu7yTE5icZjNsc3OzW,"Willie Colón",69,"salsa, tropical",1822974
7yCduWEsmqokHyWidZEw8e,Allon,15,,277
